PLAYER_ID,SEASON_ID,LEAGUE_ID,TEAM_ID,TEAM_ABBREVIATION,PLAYER_AGE,GP,GS,MIN,FGM,FGA,FG_PCT,FG3M,FG3A,FG3_PCT,FTM,FTA,FT_PCT,OREB,DREB,REB,AST,STL,BLK,TOV,PF,PTS,PLAYER_NAME
203518,2016-17,00,1610612760,OKC,23.0,68,6,1055.0,134,341,0.393,94,247,0.381,44,49,0.898,18,68,86,40,37,8,33,114,406,Alex Abrines
203518,2017-18,00,1610612760,OKC,24.0,75,8,1134.0,115,291,0.395,84,221,0.38,39,46,0.848,26,88,114,28,38,8,25,124,353,Alex Abrines
203518,2018-19,00,1610612760,OKC,25.0,31,2,588.0,56,157,0.357,41,127,0.323,12,13,0.923,5,43,48,20,17,6,14,53,165,Alex Abrines
1630173,2020-21,00,1610612748,MIA,21.0,61,4,737.0,124,228,0.544,0,1,0.0,56,110,0.509,73,135,208,29,20,28,43,91,304,Precious Achiuwa
1630173,2021-22,00,1610612761,TOR,22.0,73,28,1725.0,265,603,0.439,56,156,0.359,78,131,0.595,146,327,473,82,37,41,84,151,664,Precious Achiuwa
1630173,2022-23,00,1610612761,TOR,23.0,55,12,1141.0,196,404,0.485,29,108,0.269,87,124,0.702,100,228,328,50,31,30,59,102,508,Precious Achiuwa
203112,2013-14,00,1610612761,TOR,23.0,7,0,61.0,6,14,0.429,2,5,0.4,5,8,0.625,5,10,15,4,4,3,2,8,19,Quincy Acy
203112,2013-14,00,1610612758,SAC,23.0,56,0,786.0,60,127,0.472,2,10,0.2,30,45,0.667,67,134,201,24,19,23,28,114,152,Quincy Acy
203112,2013-14,00,0,TOT,23.0,63,0,848.0,66,141,0.468,4,15,0.267,35,53,0.66,72,144,216,28,23,26,30,122,171,Quincy Acy
203112,2014-15,00,1610612752,NYK,24.0,68,22,1287.0,152,331,0.459,18,60,0.3,76,97,0.784,79,222,301,68,27,22,60,147,398,Quincy Acy
203112,2015-16,00,1610612758,SAC,25.0,59,29,876.0,119,214,0.556,19,49,0.388,50,68,0.735,65,123,188,27,29,24,27,103,307,Quincy Acy
203112,2016-17,00,1610612742,DAL,26.0,6,0,48.0,5,17,0.294,1,7,0.143,2,3,0.667,2,6,8,0,0,0,2,9,13,Quincy Acy
203112,2016-17,00,1610612751,BKN,26.0,32,1,510.0,65,153,0.425,36,83,0.434,43,57,0.754,18,89,107,18,14,15,19,58,209,Quincy Acy
203112,2016-17,00,0,TOT,26.0,38,1,558.0,70,170,0.412,37,90,0.411,45,60,0.75,20,95,115,18,14,15,21,67,222,Quincy Acy
203112,2017-18,00,1610612751,BKN,27.0,70,8,1359.0,130,365,0.356,102,292,0.349,49,60,0.817,40,217,257,57,33,29,60,149,411,Quincy Acy
203112,2018-19,00,1610612756,PHX,28.0,10,0,123.0,4,18,0.222,2,15,0.133,7,10,0.7,3,22,25,8,1,4,4,24,17,Quincy Acy
1629121,2018-19,00,1610612737,ATL,23.0,34,1,428.0,38,110,0.345,25,74,0.338,7,9,0.778,11,49,60,65,14,5,28,45,108,Jaylen Adams
1629121,2020-21,00,1610612749,MIL,25.0,7,0,18.0,1,8,0.125,0,2,0.0,0,0,0.0,0,3,3,2,0,0,0,1,2,Jaylen Adams
203919,2014-15,00,1610612763,MEM,20.0,30,0,248.0,35,86,0.407,10,25,0.4,14,23,0.609,9,19,28,16,16,7,14,24,94,Jordan Adams
203919,2015-16,00,1610612763,MEM,21.0,2,0,15.0,2,6,0.333,0,1,0.0,3,5,0.6,0,2,2,3,3,0,2,2,7,Jordan Adams
203500,2013-14,00,1610612760,OKC,20.0,81,20,1197.0,93,185,0.503,0,0,0.0,79,136,0.581,142,190,332,43,40,57,71,203,265,Steven Adams
203500,2014-15,00,1610612760,OKC,21.0,70,67,1771.0,217,399,0.544,0,2,0.0,103,205,0.502,199,324,523,66,38,86,99,222,537,Steven Adams
203500,2015-16,00,1610612760,OKC,22.0,80,80,2014.0,261,426,0.613,0,0,0.0,114,196,0.582,219,314,533,62,42,89,84,223,636,Steven Adams
203500,2016-17,00,1610612760,OKC,23.0,80,80,2389.0,374,655,0.571,0,1,0.0,157,257,0.611,281,332,613,86,89,78,146,195,905,Steven Adams
203500,2017-18,00,1610612760,OKC,24.0,76,76,2487.0,448,712,0.629,0,2,0.0,160,286,0.559,384,301,685,88,92,78,128,215,1056,Steven Adams
203500,2018-19,00,1610612760,OKC,25.0,80,80,2669.0,481,809,0.595,0,2,0.0,146,292,0.5,391,369,760,124,117,76,135,204,1108,Steven Adams
203500,2019-20,00,1610612760,OKC,26.0,63,63,1681.0,283,478,0.592,1,3,0.333,117,201,0.582,207,376,583,146,51,67,94,122,684,Steven Adams
203500,2020-21,00,1610612740,NOP,27.0,58,58,1605.0,189,308,0.614,0,3,0.0,60,135,0.444,213,301,514,111,54,38,78,113,438,Steven Adams
203500,2021-22,00,1610612763,MEM,28.0,76,75,1999.0,210,384,0.547,0,1,0.0,108,199,0.543,349,411,760,256,65,60,115,153,528,Steven Adams
203500,2022-23,00,1610612763,MEM,29.0,42,42,1133.0,157,263,0.597,0,1,0.0,47,129,0.364,214,271,485,97,36,46,79,98,361,Steven Adams
1628389,2017-18,00,1610612748,MIA,20.0,69,19,1368.0,174,340,0.512,0,7,0.0,129,179,0.721,118,263,381,101,32,41,66,138,477,Bam Adebayo
1628389,2018-19,00,1610612748,MIA,21.0,82,28,1913.0,280,486,0.576,3,15,0.2,166,226,0.735,165,432,597,184,71,65,121,203,729,Bam Adebayo
1628389,2019-20,00,1610612748,MIA,22.0,72,72,2417.0,440,790,0.557,2,14,0.143,264,382,0.691,176,559,735,368,82,93,204,182,1146,Bam Adebayo
1628389,2020-21,00,1610612748,MIA,23.0,64,64,2143.0,456,800,0.57,2,8,0.25,283,354,0.799,142,431,573,346,75,66,169,145,1197,Bam Adebayo
1628389,2021-22,00,1610612748,MIA,24.0,56,56,1825.0,406,729,0.557,0,6,0.0,256,340,0.753,137,427,564,190,80,44,148,171,1068,Bam Adebayo
1628389,2022-23,00,1610612748,MIA,25.0,75,75,2598.0,602,1114,0.54,1,12,0.083,324,402,0.806,184,504,688,240,88,61,187,208,1529,Bam Adebayo
1629061,2018-19,00,1610612739,CLE,22.0,19,3,194.0,11,36,0.306,6,23,0.261,4,4,1.0,3,16,19,5,1,4,6,13,32,Deng Adel
202399,2013-14,00,1610612766,CHA,28.0,25,0,256.0,22,40,0.55,0,0,0.0,13,25,0.52,33,55,88,7,7,15,8,35,57,Jeff Adrien
202399,2013-14,00,1610612749,MIL,28.0,28,12,705.0,121,235,0.515,0,0,0.0,63,94,0.67,69,149,218,31,17,21,31,73,305,Jeff Adrien
202399,2013-14,00,0,TOT,28.0,53,12,962.0,143,275,0.52,0,0,0.0,76,119,0.639,102,204,306,38,24,36,39,108,362,Jeff Adrien
202399,2014-15,00,1610612750,MIN,29.0,17,0,215.0,19,44,0.432,0,0,0.0,22,38,0.579,23,54,77,15,4,9,9,30,60,Jeff Adrien
201167,2013-14,00,1610612753,ORL,28.0,73,73,2552.0,464,1011,0.459,128,300,0.427,274,336,0.815,32,230,262,248,35,3,146,136,1330,Arron Afflalo
201167,2014-15,00,1610612743,DEN,29.0,53,53,1750.0,281,657,0.428,82,243,0.337,127,151,0.841,21,159,180,101,32,5,83,108,771,Arron Afflalo
201167,2014-15,00,1610612757,POR,29.0,25,19,752.0,94,227,0.414,36,90,0.4,40,47,0.851,6,61,67,28,9,2,33,59,264,Arron Afflalo
201167,2014-15,00,0,TOT,29.0,78,72,2502.0,375,884,0.424,118,333,0.354,167,198,0.843,27,220,247,129,41,7,116,167,1035,Arron Afflalo
201167,2015-16,00,1610612752,NYK,30.0,71,57,2371.0,354,799,0.443,91,238,0.382,110,131,0.84,23,243,266,144,25,10,82,142,909,Arron Afflalo
201167,2016-17,00,1610612758,SAC,31.0,61,45,1580.0,185,420,0.44,62,151,0.411,83,93,0.892,9,116,125,78,21,6,42,104,515,Arron Afflalo
201167,2017-18,00,1610612753,ORL,32.0,53,3,682.0,65,162,0.401,27,70,0.386,22,26,0.846,4,62,66,30,4,9,21,56,179,Arron Afflalo
1630534,2022-23,00,1610612762,UTA,23.0,59,22,1209.0,165,386,0.427,81,228,0.355,56,69,0.812,43,78,121,67,16,15,41,99,467,Ochai Agbaji
201582,2013-14,00,1610612740,NOP,26.0,56,30,951.0,136,249,0.546,0,1,0.0,56,67,0.836,94,183,277,40,23,46,63,187,328,Alexis Ajinca
201582,2014-15,00,1610612740,NOP,27.0,68,8,957.0,181,329,0.55,0,0,0.0,81,99,0.818,104,211,315,47,21,51,69,151,443,Alexis Ajinca
201582,2015-16,00,1610612740,NOP,28.0,59,17,861.0,150,315,0.476,0,1,0.0,52,62,0.839,75,194,269,31,19,36,54,134,352,Alexis Ajinca
201582,2016-17,00,1610612740,NOP,29.0,39,15,584.0,89,178,0.5,0,4,0.0,29,40,0.725,46,131,177,12,20,22,31,77,207,Alexis Ajinca
1629152,2018-19,00,1610612743,DEN,26.0,7,0,22.0,3,10,0.3,0,4,0.0,1,2,0.5,1,3,4,6,2,0,2,4,7,DeVaughn Akoon-Purcell
1630583,2021-22,00,1610612763,MEM,21.0,32,0,360.0,53,132,0.402,6,48,0.125,20,32,0.625,33,54,87,21,6,10,16,36,132,Santi Aldama
1630583,2022-23,00,1610612763,MEM,22.0,77,20,1682.0,247,525,0.47,94,266,0.353,108,144,0.75,85,286,371,97,45,48,60,143,696,Santi Aldama
203128,2014-15,00,1610612755,PHI,23.0,41,9,540.0,40,78,0.513,0,5,0.0,13,27,0.481,78,98,176,28,17,16,17,96,93,Furkan Aldemir
202332,2013-14,00,1610612752,NYK,25.0,46,2,330.0,33,61,0.541,0,0,0.0,26,30,0.867,37,92,129,14,8,30,18,40,92,Cole Aldrich
202332,2014-15,00,1610612752,NYK,26.0,61,16,976.0,144,301,0.478,0,0,0.0,50,64,0.781,101,237,338,75,37,65,59,122,338,Cole Aldrich
202332,2015-16,00,1610612746,LAC,27.0,60,5,800.0,134,225,0.596,0,0,0.0,60,84,0.714,86,202,288,50,47,68,64,139,328,Cole Aldrich
202332,2016-17,00,1610612750,MIN,28.0,62,0,531.0,45,86,0.523,0,0,0.0,15,22,0.682,51,107,158,25,25,23,17,85,105,Cole Aldrich
202332,2017-18,00,1610612750,MIN,29.0,21,0,49.0,5,15,0.333,0,0,0.0,2,6,0.333,3,12,15,3,2,1,1,11,12,Cole Aldrich
200746,2013-14,00,1610612757,POR,28.0,69,69,2499.0,652,1423,0.458,3,15,0.2,296,360,0.822,166,599,765,178,63,68,123,147,1603,LaMarcus Aldridge
200746,2014-15,00,1610612757,POR,29.0,71,71,2512.0,659,1415,0.466,37,105,0.352,306,362,0.845,177,549,726,124,48,68,122,125,1661,LaMarcus Aldridge
200746,2015-16,00,1610612759,SAS,30.0,74,74,2261.0,536,1045,0.513,0,16,0.0,259,302,0.858,176,456,632,110,38,81,99,151,1331,LaMarcus Aldridge
200746,2016-17,00,1610612759,SAS,31.0,72,72,2335.0,500,1049,0.477,23,56,0.411,220,271,0.812,172,351,523,139,46,88,98,158,1243,LaMarcus Aldridge
200746,2017-18,00,1610612759,SAS,32.0,75,75,2509.0,687,1347,0.51,27,92,0.293,334,399,0.837,246,389,635,152,43,90,111,161,1735,LaMarcus Aldridge
200746,2018-19,00,1610612759,SAS,33.0,81,81,2687.0,684,1319,0.519,10,42,0.238,349,412,0.847,251,493,744,194,43,107,144,179,1727,LaMarcus Aldridge
200746,2019-20,00,1610612759,SAS,34.0,53,53,1754.0,391,793,0.493,61,157,0.389,158,191,0.827,103,289,392,129,36,87,74,128,1001,LaMarcus Aldridge
200746,2020-21,00,1610612759,SAS,35.0,21,18,544.0,115,248,0.464,27,75,0.36,31,37,0.838,17,77,94,36,8,18,20,36,288,LaMarcus Aldridge
200746,2020-21,00,1610612751,BKN,35.0,5,5,130.0,25,48,0.521,4,5,0.8,10,10,1.0,2,22,24,13,3,11,7,11,64,LaMarcus Aldridge
200746,2020-21,00,0,TOT,35.0,26,23,674.0,140,296,0.473,31,80,0.388,41,47,0.872,19,99,118,49,11,29,27,47,352,LaMarcus Aldridge
200746,2021-22,00,1610612751,BKN,36.0,47,12,1050.0,252,458,0.55,14,46,0.304,89,102,0.873,73,185,258,42,14,47,44,78,607,LaMarcus Aldridge
1626146,2015-16,00,1610612757,POR,20.0,8,0,36.0,5,10,0.5,0,0,0.0,0,0,0.0,2,4,6,0,1,2,1,1,10,Cliff Alexander
1629734,2019-20,00,1610612748,MIA,23.0,2,0,13.0,1,2,0.5,0,0,0.0,0,0,0.0,2,1,3,0,0,0,1,1,2,Kyle Alexander
1630234,2020-21,00,1610612756,PHX,22.0,15,0,47.0,3,12,0.25,2,9,0.222,1,2,0.5,2,8,10,6,0,1,3,2,9,Ty-Shon Alexander
1629638,2019-20,00,1610612740,NOP,21.0,47,1,591.0,98,266,0.368,46,133,0.346,25,37,0.676,9,75,84,89,17,8,54,57,267,Nickeil Alexander-Walker
1629638,2020-21,00,1610612740,NOP,22.0,46,13,1007.0,192,458,0.419,76,219,0.347,48,66,0.727,13,131,144,102,47,22,69,88,508,Nickeil Alexander-Walker
1629638,2021-22,00,1610612740,NOP,23.0,50,19,1317.0,237,632,0.375,95,305,0.311,70,97,0.722,36,128,164,139,41,19,85,88,639,Nickeil Alexander-Walker
1629638,2021-22,00,1610612762,UTA,23.0,15,2,149.0,16,48,0.333,10,33,0.303,11,12,0.917,1,22,23,17,5,4,8,15,53,Nickeil Alexander-Walker
1629638,2021-22,00,0,TOT,23.0,65,21,1466.0,253,680,0.372,105,338,0.311,81,109,0.743,37,150,187,156,46,23,93,103,692,Nickeil Alexander-Walker
1629638,2022-23,00,1610612762,UTA,24.0,36,3,528.0,83,170,0.488,35,87,0.402,27,39,0.692,8,51,59,76,24,14,45,58,228,Nickeil Alexander-Walker
1629638,2022-23,00,1610612750,MIN,24.0,23,0,356.0,48,125,0.384,26,72,0.361,13,21,0.619,7,35,42,32,8,7,10,30,135,Nickeil Alexander-Walker
1629638,2022-23,00,0,TOT,24.0,59,3,884.0,131,295,0.444,61,159,0.384,40,60,0.667,15,86,101,108,32,21,55,88,363,Nickeil Alexander-Walker
1628959,2018-19,00,1610612741,CHI,21.0,10,1,120.0,13,39,0.333,3,12,0.25,8,12,0.667,11,15,26,13,1,0,8,7,37,Rawle Alkins
1628960,2018-19,00,1610612762,UTA,23.0,38,2,416.0,67,178,0.376,32,99,0.323,45,60,0.75,3,20,23,25,6,6,33,47,211,Grayson Allen
1628960,2019-20,00,1610612763,MEM,24.0,38,0,718.0,117,251,0.466,57,141,0.404,39,45,0.867,8,77,85,52,10,2,33,53,330,Grayson Allen
1628960,2020-21,00,1610612763,MEM,25.0,50,38,1260.0,173,414,0.418,107,274,0.391,79,91,0.868,19,141,160,108,46,8,48,71,532,Grayson Allen
1628960,2021-22,00,1610612749,MIL,26.0,66,61,1805.0,255,569,0.448,159,389,0.409,64,74,0.865,32,190,222,100,46,18,43,96,733,Grayson Allen
1628960,2022-23,00,1610612749,MIL,27.0,72,70,1972.0,245,557,0.44,146,366,0.399,114,126,0.905,61,176,237,163,62,14,72,117,750,Grayson Allen
1628386,2017-18,00,1610612751,BKN,20.0,72,31,1441.0,234,397,0.589,5,15,0.333,114,147,0.776,144,244,388,49,28,88,82,147,587,Jarrett Allen
1628386,2018-19,00,1610612751,BKN,21.0,80,80,2096.0,335,568,0.59,6,45,0.133,197,278,0.709,191,481,672,110,43,120,103,184,873,Jarrett Allen
1628386,2019-20,00,1610612751,BKN,22.0,70,64,1852.0,302,465,0.649,0,6,0.0,171,270,0.633,216,455,671,110,40,92,77,162,775,Jarrett Allen
1628386,2020-21,00,1610612751,BKN,23.0,12,5,320.0,44,65,0.677,0,0,0.0,46,61,0.754,38,87,125,20,7,19,22,21,134,Jarrett Allen
1628386,2020-21,00,1610612739,CLE,23.0,51,40,1544.0,254,417,0.609,6,19,0.316,158,229,0.69,158,348,506,86,25,71,78,75,672,Jarrett Allen
1628386,2020-21,00,0,TOT,23.0,63,45,1864.0,298,482,0.618,6,19,0.316,204,290,0.703,196,435,631,106,32,90,100,96,806,Jarrett Allen
1628386,2021-22,00,1610612739,CLE,24.0,56,56,1810.0,369,545,0.677,1,10,0.1,165,233,0.708,192,410,602,92,44,75,94,97,904,Jarrett Allen
1628386,2022-23,00,1610612739,CLE,25.0,68,68,2220.0,403,626,0.644,1,10,0.1,162,221,0.733,221,445,666,113,54,84,93,153,969,Jarrett Allen
1628443,2017-18,00,1610612738,BOS,25.0,18,1,107.0,6,22,0.273,0,11,0.0,7,9,0.778,4,7,11,12,3,2,9,15,19,Kadeem Allen
1628443,2018-19,00,1610612752,NYK,26.0,19,1,416.0,65,141,0.461,17,36,0.472,42,54,0.778,8,43,51,76,16,4,26,46,189,Kadeem Allen
1628443,2019-20,00,1610612752,NYK,27.0,10,0,117.0,19,44,0.432,5,16,0.313,7,11,0.636,2,7,9,21,5,2,8,7,50,Kadeem Allen
202730,2013-14,00,1610612755,PHI,25.0,51,2,960.0,117,266,0.44,2,13,0.154,27,40,0.675,106,171,277,65,22,27,40,115,263,Lavoy Allen
202730,2013-14,00,1610612754,IND,25.0,14,0,112.0,17,34,0.5,0,0,0.0,6,10,0.6,13,21,34,6,2,6,4,11,40,Lavoy Allen
202730,2013-14,00,0,TOT,25.0,65,2,1071.0,134,300,0.447,2,13,0.154,33,50,0.66,119,192,311,71,24,33,44,126,303,Lavoy Allen
202730,2014-15,00,1610612754,IND,26.0,63,0,1070.0,141,299,0.472,0,0,0.0,33,47,0.702,123,200,323,73,15,42,40,102,315,Lavoy Allen
202730,2015-16,00,1610612754,IND,27.0,79,28,1599.0,191,370,0.516,0,0,0.0,46,73,0.63,162,262,424,76,26,42,69,147,428,Lavoy Allen
202730,2016-17,00,1610612754,IND,28.0,61,5,871.0,77,168,0.458,0,1,0.0,23,33,0.697,105,114,219,57,18,24,29,78,177,Lavoy Allen
951,2013-14,00,1610612748,MIA,38.0,73,9,1936.0,240,543,0.442,116,309,0.375,105,116,0.905,23,182,205,143,54,8,84,115,701,Ray Allen
2754,2013-14,00,1610612763,MEM,32.0,55,28,1278.0,204,413,0.494,11,47,0.234,76,121,0.628,79,129,208,94,90,19,90,121,495,Tony Allen
2754,2014-15,00,1610612763,MEM,33.0,63,41,1648.0,225,455,0.495,10,29,0.345,79,126,0.627,103,177,280,86,129,30,86,166,539,Tony Allen
2754,2015-16,00,1610612763,MEM,34.0,64,57,1620.0,215,469,0.458,15,42,0.357,90,138,0.652,104,192,296,70,110,18,78,175,535,Tony Allen
2754,2016-17,00,1610612763,MEM,35.0,71,66,1914.0,274,595,0.461,15,54,0.278,80,130,0.615,166,225,391,98,115,29,100,178,643,Tony Allen
2754,2017-18,00,1610612740,NOP,36.0,22,0,273.0,44,91,0.484,4,12,0.333,11,21,0.524,20,27,47,9,11,3,19,49,103,Tony Allen
1630631,2021-22,00,1610612740,NOP,24.0,54,1,834.0,131,294,0.446,32,110,0.291,36,53,0.679,25,75,100,152,71,7,40,73,330,Jose Alvarado
1630631,2022-23,00,1610612740,NOP,25.0,61,10,1310.0,201,489,0.411,83,247,0.336,65,80,0.813,28,113,141,186,67,10,81,125,550,Jose Alvarado
202329,2013-14,00,1610612740,NOP,23.0,80,65,2045.0,234,494,0.474,13,48,0.271,91,137,0.664,129,367,496,114,82,38,88,147,572,Al-Farouq Aminu
202329,2014-15,00,1610612742,DAL,24.0,74,3,1366.0,147,357,0.412,34,124,0.274,84,118,0.712,114,228,342,59,70,62,55,137,412,Al-Farouq Aminu
202329,2015-16,00,1610612757,POR,25.0,82,82,2341.0,299,719,0.416,126,349,0.361,115,156,0.737,98,401,499,138,72,53,120,171,839,Al-Farouq Aminu
202329,2016-17,00,1610612757,POR,26.0,61,25,1773.0,183,466,0.393,70,212,0.33,96,136,0.706,77,374,451,99,60,44,94,102,532,Al-Farouq Aminu
202329,2017-18,00,1610612757,POR,27.0,69,67,2072.0,230,582,0.395,125,339,0.369,59,80,0.738,97,428,525,84,79,40,79,136,644,Al-Farouq Aminu
202329,2018-19,00,1610612757,POR,28.0,81,81,2292.0,257,593,0.433,96,280,0.343,150,173,0.867,112,498,610,104,68,33,72,143,760,Al-Farouq Aminu
202329,2019-20,00,1610612753,ORL,29.0,18,2,380.0,25,86,0.291,9,36,0.25,19,29,0.655,24,63,87,21,18,8,17,27,78,Al-Farouq Aminu
202329,2020-21,00,1610612753,ORL,30.0,17,14,367.0,36,89,0.404,7,31,0.226,14,17,0.824,20,71,91,29,17,9,25,22,93,Al-Farouq Aminu
202329,2020-21,00,1610612741,CHI,30.0,6,0,67.0,2,10,0.2,1,6,0.167,4,5,0.8,2,17,19,2,2,0,3,7,9,Al-Farouq Aminu
202329,2020-21,00,0,TOT,30.0,23,14,434.0,38,99,0.384,8,37,0.216,18,22,0.818,22,88,110,31,19,9,28,29,102,Al-Farouq Aminu
200811,2013-14,00,1610612740,NOP,31.0,18,0,184.0,16,32,0.5,0,0,0.0,6,24,0.25,28,27,55,6,9,11,14,49,38,Lou Amundson
200811,2013-14,00,1610612741,CHI,31.0,1,0,1.0,0,0,0.0,0,0,0.0,0,0,0.0,0,0,0,0,0,0,0,0,0,Lou Amundson
200811,2013-14,00,0,TOT,31.0,19,0,185.0,16,32,0.5,0,0,0.0,6,24,0.25,28,27,55,6,9,11,14,49,38,Lou Amundson
200811,2014-15,00,1610612739,CLE,32.0,12,0,79.0,4,12,0.333,0,0,0.0,3,5,0.6,5,15,20,5,1,0,5,11,11,Lou Amundson
200811,2014-15,00,1610612752,NYK,32.0,41,35,858.0,105,243,0.432,0,1,0.0,38,82,0.463,89,159,248,65,21,52,57,115,248,Lou Amundson
200811,2014-15,00,0,TOT,32.0,53,35,937.0,109,255,0.427,0,1,0.0,41,87,0.471,94,174,268,70,22,52,62,126,259,Lou Amundson
200811,2015-16,00,1610612752,NYK,33.0,29,0,204.0,19,53,0.358,0,0,0.0,14,27,0.519,23,26,49,12,6,7,15,44,52,Lou Amundson
2365,2013-14,00,1610612748,MIA,35.0,72,0,1396.0,177,275,0.644,3,12,0.25,120,169,0.71,129,250,379,19,32,97,53,162,477,Chris Andersen
2365,2014-15,00,1610612748,MIA,36.0,60,20,1132.0,120,207,0.58,4,13,0.308,76,114,0.667,76,223,299,43,26,61,40,88,320,Chris Andersen
2365,2015-16,00,1610612748,MIA,37.0,7,1,36.0,4,10,0.4,2,5,0.4,3,4,0.75,3,6,9,3,1,3,2,4,13,Chris Andersen
2365,2015-16,00,1610612763,MEM,37.0,20,14,366.0,34,62,0.548,2,9,0.222,22,32,0.688,33,56,89,9,14,10,7,25,92,Chris Andersen
2365,2015-16,00,0,TOT,37.0,27,15,403.0,38,72,0.528,4,14,0.286,25,36,0.694,36,62,98,12,15,13,9,29,105,Chris Andersen
2365,2016-17,00,1610612739,CLE,38.0,12,0,114.0,9,22,0.409,0,3,0.0,10,14,0.714,9,22,31,5,5,7,5,20,28,Chris Andersen
101187,2013-14,00,1610612751,BKN,31.0,78,26,1773.0,194,485,0.4,84,248,0.339,92,118,0.78,40,135,175,81,48,11,62,147,564,Alan Anderson
101187,2014-15,00,1610612751,BKN,32.0,74,19,1744.0,195,440,0.443,73,210,0.348,82,101,0.812,31,173,204,83,56,5,60,148,545,Alan Anderson
101187,2015-16,00,1610612764,WAS,33.0,13,0,192.0,21,59,0.356,12,37,0.324,11,15,0.733,1,26,27,14,4,1,2,25,65,Alan Anderson
101187,2016-17,00,1610612746,LAC,34.0,30,0,308.0,30,80,0.375,14,44,0.318,12,16,0.75,3,21,24,11,3,0,7,35,86,Alan Anderson
202341,2013-14,00,1610612755,PHI,25.0,80,62,2309.0,309,717,0.431,115,351,0.328,77,106,0.726,59,241,300,149,74,28,106,154,810,James Anderson
202341,2015-16,00,1610612758,SAC,27.0,51,15,721.0,67,178,0.376,23,86,0.267,22,29,0.759,13,73,86,41,21,14,42,54,179,James Anderson
1626147,2015-16,00,1610612742,DAL,22.0,55,9,647.0,71,175,0.406,22,83,0.265,44,55,0.8,18,114,132,29,19,25,24,45,208,Justin Anderson
1626147,2016-17,00,1610612742,DAL,23.0,51,2,710.0,111,277,0.401,37,122,0.303,70,88,0.795,39,110,149,32,28,16,40,64,329,Justin Anderson
1626147,2016-17,00,1610612755,PHI,23.0,24,8,518.0,75,162,0.463,21,72,0.292,32,41,0.78,30,66,96,34,13,7,26,45,203,Justin Anderson
1626147,2016-17,00,0,TOT,23.0,75,10,1227.0,186,439,0.424,58,194,0.299,102,129,0.791,69,176,245,66,41,23,66,109,532,Justin Anderson
1626147,2017-18,00,1610612755,PHI,24.0,38,0,519.0,87,202,0.431,34,103,0.33,28,38,0.737,25,68,93,25,15,7,16,54,236,Justin Anderson
1626147,2018-19,00,1610612737,ATL,25.0,48,4,464.0,64,157,0.408,24,77,0.312,26,35,0.743,24,60,84,23,22,13,23,48,178,Justin Anderson
1626147,2019-20,00,1610612751,BKN,26.0,10,1,107.0,10,38,0.263,6,29,0.207,2,4,0.5,1,20,21,8,0,6,4,13,28,Justin Anderson
1626147,2021-22,00,1610612739,CLE,28.0,3,0,47.0,4,8,0.5,2,6,0.333,3,4,0.75,0,6,6,6,1,0,2,4,13,Justin Anderson
1626147,2021-22,00,1610612754,IND,28.0,13,6,269.0,32,87,0.368,13,53,0.245,12,15,0.8,4,36,40,27,7,6,6,18,89,Justin Anderson
1626147,2021-22,00,0,TOT,28.0,16,6,316.0,36,95,0.379,15,59,0.254,15,19,0.789,4,42,46,33,8,6,8,22,102,Justin Anderson
203937,2014-15,00,1610612759,SAS,21.0,33,8,358.0,31,89,0.348,3,11,0.273,9,14,0.643,5,67,72,28,15,7,10,28,74,Kyle Anderson
203937,2015-16,00,1610612759,SAS,22.0,78,11,1245.0,138,295,0.468,12,37,0.324,62,83,0.747,25,219,244,123,60,29,59,97,350,Kyle Anderson
203937,2016-17,00,1610612759,SAS,23.0,72,14,1020.0,93,209,0.445,15,40,0.375,45,57,0.789,33,175,208,91,51,26,39,63,246,Kyle Anderson
203937,2017-18,00,1610612759,SAS,24.0,74,67,1978.0,231,438,0.527,19,57,0.333,104,146,0.712,84,312,396,202,115,60,94,114,585,Kyle Anderson
203937,2018-19,00,1610612763,MEM,25.0,43,40,1282.0,150,276,0.543,9,34,0.265,37,64,0.578,48,203,251,128,54,37,58,112,346,Kyle Anderson
203937,2019-20,00,1610612763,MEM,26.0,67,28,1330.0,157,331,0.474,24,85,0.282,52,78,0.667,58,227,285,162,54,37,66,111,390,Kyle Anderson
203937,2020-21,00,1610612763,MEM,27.0,69,69,1887.0,308,658,0.468,94,261,0.36,144,184,0.783,52,344,396,250,84,57,86,120,854,Kyle Anderson
203937,2021-22,00,1610612763,MEM,28.0,69,11,1484.0,209,469,0.446,36,109,0.33,67,105,0.638,69,299,368,183,77,45,71,108,521,Kyle Anderson
203937,2022-23,00,1610612750,MIN,29.0,69,46,1957.0,252,495,0.509,43,105,0.41,100,136,0.735,66,302,368,335,78,63,103,146,647,Kyle Anderson
201583,2013-14,00,1610612740,NOP,26.0,22,14,795.0,155,354,0.438,67,164,0.409,59,62,0.952,66,76,142,17,10,7,20,47,436,Ryan Anderson
201583,2014-15,00,1610612740,NOP,27.0,61,5,1675.0,291,729,0.399,122,359,0.34,129,151,0.854,108,187,295,55,33,20,62,113,833,Ryan Anderson
201583,2015-16,00,1610612740,NOP,28.0,66,7,2008.0,397,929,0.427,131,358,0.366,199,228,0.873,131,265,396,73,38,25,90,109,1124,Ryan Anderson
201583,2016-17,00,1610612745,HOU,29.0,72,72,2116.0,323,773,0.418,204,506,0.403,129,150,0.86,112,218,330,68,31,14,55,142,979,Ryan Anderson
201583,2017-18,00,1610612745,HOU,30.0,66,50,1725.0,207,480,0.431,131,339,0.386,72,93,0.774,94,237,331,60,24,21,42,126,617,Ryan Anderson
201583,2018-19,00,1610612756,PHX,31.0,15,8,278.0,19,60,0.317,7,34,0.206,11,14,0.786,14,31,45,17,3,1,12,23,56,Ryan Anderson
201583,2018-19,00,1610612748,MIA,31.0,10,0,44.0,2,9,0.222,2,6,0.333,1,2,0.5,4,5,9,2,1,0,2,2,7,Ryan Anderson
201583,2018-19,00,0,TOT,31.0,25,8,321.0,21,69,0.304,9,40,0.225,12,16,0.75,18,36,54,19,4,1,14,25,63,Ryan Anderson
201583,2019-20,00,1610612745,HOU,32.0,2,0,14.0,2,7,0.286,1,5,0.2,0,0,0.0,0,7,7,2,1,0,1,1,5,Ryan Anderson
1628387,2017-18,00,1610612754,IND,19.0,11,0,30.0,4,9,0.444,0,0,0.0,5,6,0.833,5,4,9,0,1,3,2,1,13,Ike Anigbogu
1628387,2018-19,00,1610612754,IND,20.0,3,0,6.0,0,3,0.0,0,0,0.0,0,0,0.0,1,2,3,1,0,1,1,0,0,Ike Anigbogu
203507,2013-14,00,1610612749,MIL,19.0,77,23,1897.0,173,418,0.414,41,118,0.347,138,202,0.683,78,261,339,150,60,61,122,173,525,Giannis Antetokounmpo
203507,2014-15,00,1610612749,MIL,20.0,81,71,2541.0,383,780,0.491,7,44,0.159,257,347,0.741,100,442,542,207,73,85,173,254,1030,Giannis Antetokounmpo
203507,2015-16,00,1610612749,MIL,21.0,80,79,2823.0,513,1013,0.506,28,109,0.257,296,409,0.724,113,499,612,345,94,113,208,258,1350,Giannis Antetokounmpo
203507,2016-17,00,1610612749,MIL,22.0,80,80,2845.0,656,1259,0.521,49,180,0.272,471,612,0.77,142,558,700,434,131,151,234,246,1832,Giannis Antetokounmpo
203507,2017-18,00,1610612749,MIL,23.0,75,75,2756.0,742,1402,0.529,43,140,0.307,487,641,0.76,156,597,753,361,109,106,223,231,2014,Giannis Antetokounmpo
203507,2018-19,00,1610612749,MIL,24.0,72,72,2358.0,721,1247,0.578,52,203,0.256,500,686,0.729,159,739,898,424,92,110,268,232,1994,Giannis Antetokounmpo
203507,2019-20,00,1610612749,MIL,25.0,63,63,1917.0,685,1238,0.553,89,293,0.304,398,629,0.633,140,716,856,354,61,66,230,195,1857,Giannis Antetokounmpo
203507,2020-21,00,1610612749,MIL,26.0,61,61,2013.0,626,1100,0.569,67,221,0.303,398,581,0.685,97,574,671,357,72,73,207,168,1717,Giannis Antetokounmpo
203507,2021-22,00,1610612749,MIL,27.0,67,67,2204.0,689,1245,0.553,71,242,0.293,553,766,0.722,134,644,778,388,72,91,219,212,2002,Giannis Antetokounmpo
203507,2022-23,00,1610612749,MIL,28.0,63,63,2024.0,707,1278,0.553,47,171,0.275,498,772,0.645,137,605,742,359,52,51,246,197,1959,Giannis Antetokounmpo
1628961,2018-19,00,1610612742,DAL,21.0,2,0,11.0,0,3,0.0,0,0,0.0,2,4,0.5,0,1,1,0,2,0,1,0,2,Kostas Antetokounmpo
1628961,2019-20,00,1610612747,LAL,22.0,5,0,20.0,3,3,1.0,0,0,0.0,1,2,0.5,2,1,3,2,0,0,1,2,7,Kostas Antetokounmpo
1628961,2020-21,00,1610612747,LAL,23.0,15,0,56.0,3,10,0.3,0,0,0.0,6,13,0.462,4,15,19,1,2,4,11,8,12,Kostas Antetokounmpo
203648,2015-16,00,1610612752,NYK,23.0,2,0,6.0,3,4,0.75,0,1,0.0,0,0,0.0,0,1,1,0,0,0,0,2,6,Thanasis Antetokounmpo
203648,2019-20,00,1610612749,MIL,27.0,20,2,129.0,24,48,0.5,0,10,0.0,7,17,0.412,12,12,24,15,7,2,12,18,55,Thanasis Antetokounmpo
203648,2020-21,00,1610612749,MIL,28.0,57,3,551.0,67,137,0.489,7,29,0.241,25,49,0.51,54,70,124,46,22,10,43,74,166,Thanasis Antetokounmpo
203648,2021-22,00,1610612749,MIL,29.0,48,6,473.0,70,128,0.547,2,14,0.143,29,46,0.63,40,61,101,22,16,12,26,68,171,Thanasis Antetokounmpo
203648,2022-23,00,1610612749,MIL,30.0,37,0,206.0,20,46,0.435,0,8,0.0,11,22,0.5,15,29,44,15,3,3,12,22,51,Thanasis Antetokounmpo
2546,2013-14,00,1610612752,NYK,30.0,77,77,2982.0,743,1643,0.452,167,415,0.402,459,541,0.848,145,477,622,242,95,51,198,224,2112,Carmelo Anthony
2546,2014-15,00,1610612752,NYK,31.0,40,40,1428.0,358,806,0.444,61,179,0.341,189,237,0.797,72,192,264,122,40,17,89,87,966,Carmelo Anthony
2546,2015-16,00,1610612752,NYK,32.0,72,72,2530.0,567,1307,0.434,105,310,0.339,334,403,0.829,98,458,556,299,62,38,176,180,1573,Carmelo Anthony
2546,2016-17,00,1610612752,NYK,33.0,74,74,2538.0,602,1389,0.433,151,421,0.359,304,365,0.833,62,376,438,213,60,34,153,198,1659,Carmelo Anthony
2546,2017-18,00,1610612760,OKC,34.0,78,78,2501.0,472,1168,0.404,169,474,0.357,148,193,0.767,67,386,453,103,47,49,99,197,1261,Carmelo Anthony
2546,2018-19,00,1610612745,HOU,35.0,10,2,294.0,49,121,0.405,21,64,0.328,15,22,0.682,9,45,54,5,4,7,8,32,134,Carmelo Anthony
2546,2019-20,00,1610612757,POR,36.0,58,58,1902.0,336,782,0.43,87,226,0.385,136,161,0.845,71,297,368,85,49,27,100,171,895,Carmelo Anthony
2546,2020-21,00,1610612757,POR,37.0,69,3,1690.0,327,777,0.421,133,325,0.409,137,154,0.89,32,182,214,104,46,38,61,144,924,Carmelo Anthony
2546,2021-22,00,1610612747,LAL,38.0,69,3,1793.0,319,723,0.441,149,397,0.375,132,159,0.83,62,226,288,68,47,52,59,166,919,Carmelo Anthony
1630175,2020-21,00,1610612753,ORL,21.0,47,34,1273.0,219,552,0.397,58,172,0.337,109,131,0.832,38,183,221,192,30,18,106,98,605,Cole Anthony
1630175,2021-22,00,1610612753,ORL,22.0,65,65,2059.0,357,912,0.391,132,391,0.338,216,253,0.854,32,316,348,369,46,17,170,171,1062,Cole Anthony
1630175,2022-23,00,1610612753,ORL,23.0,60,4,1552.0,277,610,0.454,75,206,0.364,152,170,0.894,47,241,288,235,37,31,91,158,781,Cole Anthony
201202,2013-14,00,1610612748,MIA,31.0,12,0,37.0,2,6,0.333,0,0,0.0,2,2,1.0,2,5,7,0,0,4,1,4,6,Joel Anthony
201202,2013-14,00,1610612738,BOS,31.0,21,0,149.0,10,26,0.385,0,0,0.0,2,6,0.333,13,18,31,2,3,8,2,13,22,Joel Anthony
201202,2013-14,00,0,TOT,31.0,33,0,186.0,12,32,0.375,0,0,0.0,4,8,0.5,15,23,38,2,3,12,3,17,28,Joel Anthony
201202,2014-15,00,1610612765,DET,32.0,49,0,406.0,36,62,0.581,0,0,0.0,15,22,0.682,32,61,93,5,12,49,12,55,87,Joel Anthony
201202,2015-16,00,1610612765,DET,33.0,19,0,96.0,6,10,0.6,0,0,0.0,6,8,0.75,8,13,21,1,2,12,2,15,18,Joel Anthony
201202,2016-17,00,1610612759,SAS,34.0,19,0,122.0,10,16,0.625,0,0,0.0,5,8,0.625,8,23,31,3,2,6,4,11,25,Joel Anthony
203544,2013-14,00,1610612737,ATL,31.0,50,26,925.0,123,294,0.418,56,171,0.327,50,66,0.758,57,152,209,58,19,12,55,126,352,Pero Antic
203544,2014-15,00,1610612737,ATL,32.0,63,3,1037.0,108,296,0.365,52,173,0.301,88,123,0.715,58,131,189,49,18,14,49,132,356,Pero Antic
1628384,2017-18,00,1610612761,TOR,20.0,74,62,1481.0,163,346,0.471,73,197,0.371,39,62,0.629,44,140,184,55,52,14,45,130,438,OG Anunoby
1628384,2018-19,00,1610612761,TOR,21.0,67,6,1352.0,183,404,0.453,67,202,0.332,36,62,0.581,58,139,197,47,46,22,55,140,469,OG Anunoby
1628384,2019-20,00,1610612761,TOR,22.0,69,68,2066.0,286,566,0.505,89,228,0.39,72,102,0.706,80,284,364,108,96,45,79,167,733,OG Anunoby
1628384,2020-21,00,1610612761,TOR,23.0,43,43,1433.0,249,519,0.48,104,261,0.398,80,102,0.784,54,183,237,94,66,32,75,114,682,OG Anunoby
1628384,2021-22,00,1610612761,TOR,24.0,48,48,1728.0,309,697,0.443,115,317,0.363,89,118,0.754,74,190,264,125,71,25,80,131,822,OG Anunoby
1628384,2022-23,00,1610612761,TOR,25.0,67,67,2386.0,421,885,0.476,142,367,0.387,140,167,0.838,95,237,332,131,128,50,132,200,1124,OG Anunoby
203951,2015-16,00,1610612753,ORL,24.0,5,0,27.0,2,8,0.25,0,3,0.0,2,2,1.0,0,1,1,1,1,0,3,5,6,Keith Appling
1627853,2017-18,00,1610612741,CHI,24.0,24,0,304.0,17,41,0.415,9,31,0.29,5,6,0.833,1,24,25,35,13,0,13,18,48,Ryan Arcidiacono
1627853,2018-19,00,1610612741,CHI,25.0,81,32,1961.0,187,418,0.447,81,217,0.373,89,102,0.873,27,192,219,269,65,4,63,171,544,Ryan Arcidiacono
1627853,2019-20,00,1610612741,CHI,26.0,58,4,930.0,90,220,0.409,54,138,0.391,27,38,0.711,20,90,110,96,27,3,37,96,261,Ryan Arcidiacono
1627853,2020-21,00,1610612741,CHI,27.0,44,0,450.0,49,117,0.419,25,67,0.373,13,20,0.65,5,62,67,56,9,0,10,47,136,Ryan Arcidiacono
1627853,2021-22,00,1610612752,NYK,28.0,10,0,76.0,6,12,0.5,4,9,0.444,0,0,0.0,0,8,8,4,1,0,3,5,16,Ryan Arcidiacono
1627853,2022-23,00,1610612752,NYK,29.0,11,0,26.0,1,5,0.2,1,3,0.333,0,0,0.0,0,4,4,2,2,0,1,3,3,Ryan Arcidiacono
1627853,2022-23,00,1610612757,POR,29.0,9,4,146.0,8,32,0.25,7,20,0.35,0,0,0.0,0,11,11,21,3,0,6,14,23,Ryan Arcidiacono
1627853,2022-23,00,0,TOT,29.0,20,4,172.0,9,37,0.243,8,23,0.348,0,0,0.0,0,15,15,23,5,0,7,17,26,Ryan Arcidiacono
2772,2013-14,00,1610612764,WAS,28.0,77,77,2723.0,389,853,0.456,180,442,0.407,149,193,0.772,99,376,475,191,126,20,132,179,1107,Trevor Ariza
2772,2014-15,00,1610612745,HOU,29.0,82,82,2930.0,366,910,0.402,194,555,0.35,122,143,0.853,77,382,459,209,152,17,141,186,1048,Trevor Ariza
2772,2015-16,00,1610612745,HOU,31.0,81,81,2859.0,357,859,0.416,185,499,0.371,126,161,0.783,67,299,366,188,160,26,113,177,1025,Trevor Ariza
2772,2016-17,00,1610612745,HOU,32.0,80,80,2773.0,326,798,0.409,191,555,0.344,93,126,0.738,54,404,458,175,147,20,73,133,936,Trevor Ariza
2772,2017-18,00,1610612745,HOU,33.0,67,67,2269.0,268,651,0.412,170,462,0.368,76,89,0.854,33,261,294,105,98,13,52,132,782,Trevor Ariza
2772,2018-19,00,1610612756,PHX,33.0,26,26,884.0,86,227,0.379,50,139,0.36,36,43,0.837,16,129,145,87,38,8,39,44,258,Trevor Ariza
2772,2018-19,00,1610612764,WAS,33.0,43,43,1465.0,208,509,0.409,95,295,0.322,94,121,0.777,34,192,226,165,53,13,67,86,605,Trevor Ariza
2772,2018-19,00,0,TOT,33.0,69,69,2349.0,294,736,0.399,145,434,0.334,130,164,0.793,50,321,371,252,91,21,106,130,863,Trevor Ariza
2772,2019-20,00,1610612758,SAC,35.0,32,0,791.0,64,165,0.388,43,122,0.352,21,27,0.778,21,125,146,50,35,7,28,63,192,Trevor Ariza
2772,2019-20,00,1610612757,POR,35.0,21,21,702.0,78,159,0.491,34,85,0.4,41,47,0.872,13,87,100,41,34,8,28,48,231,Trevor Ariza
2772,2019-20,00,0,TOT,35.0,53,21,1492.0,142,324,0.438,77,207,0.372,62,74,0.838,34,212,246,91,69,15,56,111,423,Trevor Ariza
2772,2020-21,00,1610612748,MIA,36.0,30,27,841.0,99,241,0.411,50,143,0.35,34,44,0.773,27,117,144,55,31,18,21,55,282,Trevor Ariza
2772,2021-22,00,1610612747,LAL,37.0,24,11,462.0,33,99,0.333,20,74,0.27,10,18,0.556,10,72,82,27,13,6,11,20,96,Trevor Ariza
200756,2013-14,00,1610612744,GSW,29.0,15,1,97.0,9,19,0.474,0,0,0.0,7,16,0.438,19,28,47,5,4,4,6,11,25,Hilton Armstrong
201589,2013-14,00,1610612743,DEN,26.0,68,1,1161.0,162,410,0.395,24,64,0.375,53,62,0.855,52,158,210,61,39,47,58,185,401,Darrell Arthur
201589,2014-15,00,1610612743,DEN,27.0,58,4,988.0,155,384,0.404,26,110,0.236,46,59,0.78,53,118,171,57,48,26,47,146,382,Darrell Arthur
201589,2015-16,00,1610612743,DEN,28.0,70,16,1516.0,221,489,0.452,45,117,0.385,40,53,0.755,86,207,293,96,53,48,66,185,527,Darrell Arthur
201589,2016-17,00,1610612743,DEN,29.0,41,7,639.0,95,215,0.442,53,117,0.453,19,22,0.864,25,87,112,42,19,21,36,76,262,Darrell Arthur
201589,2017-18,00,1610612743,DEN,30.0,19,1,141.0,22,47,0.468,8,23,0.348,2,3,0.667,3,12,15,9,8,3,15,22,54,Darrell Arthur
1628503,2017-18,00,1610612753,ORL,25.0,15,1,279.0,31,79,0.392,8,29,0.276,7,12,0.583,4,34,38,18,2,3,8,11,77,Jamel Artis
201600,2013-14,00,1610612745,HOU,27.0,48,19,968.0,101,190,0.532,0,0,0.0,78,126,0.619,101,277,378,25,14,37,59,92,280,Omer Asik
201600,2014-15,00,1610612740,NOP,28.0,76,76,1982.0,213,412,0.517,0,0,0.0,131,225,0.582,244,504,748,72,29,54,95,144,557,Omer Asik
201600,2015-16,00,1610612740,NOP,29.0,68,64,1178.0,104,195,0.533,0,0,0.0,61,112,0.545,120,294,414,26,21,23,60,124,269,Omer Asik
201600,2016-17,00,1610612740,NOP,30.0,31,19,482.0,31,65,0.477,0,0,0.0,23,39,0.59,48,115,163,15,5,10,14,51,85,Omer Asik
201600,2017-18,00,1610612740,NOP,31.0,14,0,121.0,7,16,0.438,0,0,0.0,4,12,0.333,7,30,37,2,1,2,5,14,18,Omer Asik
201600,2017-18,00,1610612741,CHI,31.0,4,0,61.0,2,6,0.333,0,0,0.0,0,1,0.0,2,8,10,1,1,2,4,6,4,Omer Asik
201600,2017-18,00,0,TOT,31.0,18,0,182.0,9,22,0.409,0,0,0.0,4,13,0.308,9,38,47,3,2,4,9,20,22,Omer Asik
201571,2013-14,00,1610612761,TOR,26.0,10,0,82.0,7,24,0.292,1,11,0.091,6,6,1.0,0,4,4,10,1,0,9,7,21,D.J. Augustin
201571,2013-14,00,1610612741,CHI,26.0,61,9,1857.0,291,694,0.419,132,321,0.411,195,221,0.882,15,111,126,303,52,3,116,140,909,D.J. Augustin
201571,2013-14,00,0,TOT,26.0,71,9,1939.0,298,718,0.415,133,332,0.401,201,227,0.885,15,115,130,313,53,3,125,147,930,D.J. Augustin
201571,2014-15,00,1610612765,DET,27.0,54,13,1287.0,189,461,0.41,49,150,0.327,147,169,0.87,13,87,100,265,33,2,110,61,574,D.J. Augustin
201571,2014-15,00,1610612760,OKC,27.0,28,1,677.0,69,186,0.371,34,96,0.354,31,36,0.861,7,54,61,88,16,1,35,32,203,D.J. Augustin
201571,2014-15,00,0,TOT,27.0,82,14,1964.0,258,647,0.399,83,246,0.337,178,205,0.868,20,141,161,353,49,3,145,93,777,D.J. Augustin
201571,2015-16,00,1610612760,OKC,28.0,34,0,519.0,46,121,0.38,24,61,0.393,26,34,0.765,5,38,43,66,13,2,30,41,142,D.J. Augustin
201571,2015-16,00,1610612743,DEN,28.0,28,0,659.0,102,229,0.445,44,107,0.411,77,94,0.819,3,49,52,132,25,2,54,44,325,D.J. Augustin
201571,2015-16,00,0,TOT,28.0,62,0,1178.0,148,350,0.423,68,168,0.405,103,128,0.805,8,87,95,198,38,4,84,85,467,D.J. Augustin
201571,2016-17,00,1610612753,ORL,29.0,78,20,1538.0,195,517,0.377,95,274,0.347,131,161,0.814,15,102,117,209,31,1,90,101,616,D.J. Augustin
201571,2017-18,00,1610612753,ORL,30.0,75,36,1760.0,244,540,0.452,114,272,0.419,164,189,0.868,30,130,160,287,54,0,123,94,766,D.J. Augustin
201571,2018-19,00,1610612753,ORL,31.0,81,81,2269.0,318,677,0.47,131,311,0.421,181,209,0.866,41,162,203,426,52,4,128,115,948,D.J. Augustin
201571,2019-20,00,1610612753,ORL,32.0,57,13,1420.0,184,461,0.399,70,201,0.348,161,181,0.89,22,100,122,262,34,1,86,72,599,D.J. Augustin
201571,2020-21,00,1610612749,MIL,33.0,37,6,713.0,71,192,0.37,49,129,0.38,36,40,0.9,11,39,50,110,20,1,34,33,227,D.J. Augustin
201571,2020-21,00,1610612745,HOU,33.0,20,6,416.0,64,151,0.424,34,88,0.386,49,54,0.907,9,35,44,78,8,0,31,23,211,D.J. Augustin
201571,2020-21,00,0,TOT,33.0,57,12,1129.0,135,343,0.394,83,217,0.382,85,94,0.904,20,74,94,188,28,1,65,56,438,D.J. Augustin
201571,2021-22,00,1610612745,HOU,34.0,34,2,510.0,55,136,0.404,39,96,0.406,33,38,0.868,7,34,41,74,10,0,45,17,182,D.J. Augustin
201571,2021-22,00,1610612747,LAL,34.0,21,0,373.0,39,86,0.453,29,68,0.426,5,5,1.0,4,23,27,33,7,1,11,22,112,D.J. Augustin
201571,2021-22,00,0,TOT,34.0,55,2,883.0,94,222,0.423,68,164,0.415,38,43,0.884,11,57,68,107,17,1,56,39,294,D.J. Augustin
1630166,2020-21,00,1610612764,WAS,20.0,54,32,1257.0,130,312,0.417,53,168,0.315,29,45,0.644,22,240,262,63,32,15,33,140,342,Deni Avdija
1630166,2021-22,00,1610612764,WAS,21.0,82,8,1984.0,250,579,0.432,82,259,0.317,103,136,0.757,52,373,425,167,59,44,87,190,685,Deni Avdija
1630166,2022-23,00,1610612764,WAS,22.0,76,40,2020.0,253,579,0.437,69,232,0.297,122,165,0.739,74,413,487,211,65,29,123,209,697,Deni Avdija
1630555,2021-22,00,1610612764,WAS,22.0,7,0,20.0,1,6,0.167,0,1,0.0,0,0,0.0,1,2,3,4,0,0,0,0,2,Joel Ayayi
202970,2013-14,00,1610612737,ATL,29.0,26,14,429.0,52,102,0.51,0,0,0.0,8,20,0.4,42,83,125,28,25,10,29,47,112,Gustavo Ayon
201965,2013-14,00,1610612759,SAS,27.0,73,10,952.0,101,174,0.58,0,0,0.0,38,55,0.691,89,169,258,60,13,25,63,146,240,Jeff Ayres
201965,2014-15,00,1610612759,SAS,28.0,51,0,383.0,55,95,0.579,0,0,0.0,27,36,0.75,37,80,117,14,8,8,26,60,137,Jeff Ayres
201965,2015-16,00,1610612746,LAC,29.0,17,0,107.0,12,23,0.522,0,1,0.0,6,6,1.0,4,18,22,5,0,3,6,18,30,Jeff Ayres
1629028,2018-19,00,1610612756,PHX,20.0,71,70,2183.0,509,870,0.585,0,4,0.0,141,189,0.746,223,506,729,125,61,67,126,209,1159,Deandre Ayton
1629028,2019-20,00,1610612756,PHX,21.0,38,32,1236.0,310,568,0.546,3,13,0.231,67,89,0.753,147,289,436,72,26,58,80,117,690,Deandre Ayton
1629028,2020-21,00,1610612756,PHX,22.0,69,69,2115.0,430,687,0.626,4,20,0.2,133,173,0.769,228,499,727,99,41,81,103,196,997,Deandre Ayton
1629028,2021-22,00,1610612756,PHX,23.0,58,58,1713.0,442,697,0.634,7,19,0.368,106,142,0.746,149,444,593,84,40,40,91,142,997,Deandre Ayton
1629028,2022-23,00,1610612756,PHX,24.0,67,67,2035.0,522,887,0.589,7,24,0.292,152,200,0.76,172,495,667,115,37,53,120,190,1203,Deandre Ayton
1628962,2020-21,00,1610612762,UTA,21.0,15,0,57.0,4,9,0.444,0,0,0.0,8,10,0.8,4,9,13,0,1,4,3,9,16,Udoka Azubuike
1628962,2021-22,00,1610612762,UTA,22.0,17,6,195.0,37,49,0.755,0,0,0.0,6,11,0.545,18,53,71,0,1,11,12,25,80,Udoka Azubuike
1628962,2022-23,00,1610612762,UTA,23.0,36,4,359.0,59,72,0.819,0,0,0.0,7,20,0.35,31,88,119,11,6,15,18,34,125,Udoka Azubuike
203569,2013-14,00,1610612738,BOS,24.0,14,0,132.0,8,30,0.267,6,27,0.222,0,0,0.0,4,13,17,3,6,0,3,13,22,Chris Babb
202337,2013-14,00,1610612740,NOP,25.0,27,2,473.0,60,154,0.39,36,95,0.379,14,18,0.778,18,70,88,29,7,11,15,52,170,Luke Babbitt
202337,2014-15,00,1610612740,NOP,26.0,63,19,830.0,92,192,0.479,59,115,0.513,13,19,0.684,12,99,111,24,17,11,26,63,256,Luke Babbitt
202337,2015-16,00,1610612740,NOP,27.0,47,13,845.0,122,289,0.422,44,109,0.404,39,50,0.78,25,123,148,53,11,7,23,90,327,Luke Babbitt
202337,2016-17,00,1610612748,MIA,28.0,68,55,1065.0,113,281,0.402,87,210,0.414,11,15,0.733,12,129,141,36,20,11,25,118,324,Luke Babbitt
202337,2017-18,00,1610612737,ATL,29.0,37,9,570.0,80,168,0.476,49,111,0.441,17,22,0.773,5,76,81,26,7,5,15,47,226,Luke Babbitt
202337,2017-18,00,1610612748,MIA,29.0,13,5,145.0,11,47,0.234,11,45,0.244,0,0,0.0,2,13,15,5,1,2,4,7,33,Luke Babbitt
202337,2017-18,00,0,TOT,29.0,50,14,715.0,91,215,0.423,60,156,0.385,17,22,0.773,7,89,96,31,8,7,19,54,259,Luke Babbitt
1628407,2017-18,00,1610612766,CHA,22.0,53,6,713.0,72,192,0.375,11,43,0.256,20,25,0.8,4,120,124,38,16,2,23,46,175,Dwayne Bacon
1628407,2018-19,00,1610612766,CHA,23.0,43,13,759.0,122,257,0.475,38,87,0.437,34,46,0.739,8,81,89,47,12,5,18,72,316,Dwayne Bacon
1628407,2019-20,00,1610612766,CHA,24.0,39,11,687.0,85,244,0.348,19,67,0.284,35,53,0.66,15,85,100,52,23,2,37,52,224,Dwayne Bacon
1628407,2020-21,00,1610612753,ORL,25.0,72,50,1853.0,292,726,0.402,59,207,0.285,145,176,0.824,31,193,224,93,45,5,46,103,788,Dwayne Bacon
1628963,2018-19,00,1610612758,SAC,20.0,62,4,1568.0,356,706,0.504,30,96,0.313,181,262,0.691,162,309,471,62,33,59,98,120,923,Marvin Bagley III
1628963,2019-20,00,1610612758,SAC,21.0,13,6,334.0,78,167,0.467,4,22,0.182,25,31,0.806,29,68,97,10,6,12,18,43,185,Marvin Bagley III
1628963,2020-21,00,1610612758,SAC,22.0,43,42,1112.0,247,490,0.504,37,108,0.343,77,134,0.575,106,212,318,43,21,21,59,100,608,Marvin Bagley III
1628963,2021-22,00,1610612758,SAC,23.0,30,17,656.0,114,246,0.463,15,62,0.242,35,47,0.745,67,148,215,17,9,11,21,50,278,Marvin Bagley III
1628963,2021-22,00,1610612765,DET,23.0,18,8,490.0,111,200,0.555,8,35,0.229,32,54,0.593,38,85,123,19,13,7,18,43,262,Marvin Bagley III
1628963,2021-22,00,0,TOT,23.0,48,25,1146.0,225,446,0.504,23,97,0.237,67,101,0.663,105,233,338,36,22,18,39,93,540,Marvin Bagley III
1628963,2022-23,00,1610612765,DET,24.0,42,25,990.0,202,382,0.529,19,66,0.288,81,108,0.75,94,175,269,36,19,30,46,81,504,Marvin Bagley III
203946,2014-15,00,1610612741,CHI,24.0,18,1,64.0,3,14,0.214,0,0,0.0,4,5,0.8,6,2,8,1,2,1,3,8,10,Cameron Bairstow
203946,2015-16,00,1610612741,CHI,25.0,18,2,103.0,13,40,0.325,1,5,0.2,7,8,0.875,4,24,28,6,2,3,4,19,34,Cameron Bairstow
1627758,2016-17,00,1610612752,NYK,24.0,52,13,857.0,82,217,0.378,23,86,0.267,28,43,0.651,12,86,98,107,34,8,56,74,215,Ron Baker
1627758,2017-18,00,1610612752,NYK,25.0,29,1,385.0,20,59,0.339,11,33,0.333,20,26,0.769,5,25,30,47,26,6,18,33,71,Ron Baker
1627758,2018-19,00,1610612752,NYK,26.0,11,0,107.0,4,16,0.25,1,9,0.111,5,6,0.833,1,6,7,13,5,0,3,16,14,Ron Baker
1627758,2018-19,00,1610612764,WAS,26.0,4,0,45.0,0,4,0.0,0,4,0.0,0,0,0.0,0,4,4,2,1,1,2,2,0,Ron Baker
1627758,2018-19,00,0,TOT,26.0,15,0,152.0,4,20,0.2,1,13,0.077,5,6,0.833,1,10,11,15,6,1,5,18,14,Ron Baker
1627735,2016-17,00,1610612763,MEM,21.0,33,1,405.0,36,115,0.313,3,22,0.136,31,37,0.838,11,35,46,61,18,7,39,40,106,Wade Baldwin IV
1627735,2017-18,00,1610612757,POR,22.0,7,0,80.0,14,21,0.667,4,5,0.8,6,10,0.6,1,7,8,5,2,1,4,12,38,Wade Baldwin IV
1627735,2018-19,00,1610612757,POR,23.0,16,0,94.0,10,33,0.303,2,9,0.222,8,11,0.727,2,13,15,12,1,2,14,11,30,Wade Baldwin IV
1631116,2022-23,00,1610612744,GSW,20.0,31,0,226.0,43,109,0.394,32,84,0.381,4,6,0.667,1,39,40,11,6,4,11,14,122,Patrick Baldwin Jr.
1630163,2020-21,00,1610612766,CHA,19.0,51,31,1469.0,293,672,0.436,92,261,0.352,125,165,0.758,63,239,302,313,81,18,145,136,803,LaMelo Ball
1630163,2021-22,00,1610612766,CHA,20.0,75,75,2422.0,538,1254,0.429,220,565,0.389,212,243,0.872,108,393,501,571,119,30,245,237,1508,LaMelo Ball
1630163,2022-23,00,1610612766,CHA,21.0,36,36,1268.0,296,721,0.411,144,383,0.376,102,122,0.836,42,189,231,304,46,11,129,118,838,LaMelo Ball
1628366,2017-18,00,1610612747,LAL,20.0,52,50,1780.0,203,564,0.36,90,295,0.305,32,71,0.451,69,291,360,376,88,43,136,117,528,Lonzo Ball
1628366,2018-19,00,1610612747,LAL,21.0,47,45,1423.0,185,456,0.406,75,228,0.329,20,48,0.417,54,197,251,255,69,19,103,114,465,Lonzo Ball
1628366,2019-20,00,1610612740,NOP,22.0,63,54,2025.0,277,687,0.403,148,395,0.375,43,76,0.566,71,312,383,438,88,38,193,128,745,Lonzo Ball
1628366,2020-21,00,1610612740,NOP,23.0,55,55,1747.0,290,700,0.414,172,455,0.378,50,64,0.781,33,230,263,316,82,31,123,103,802,Lonzo Ball
1628366,2021-22,00,1610612741,CHI,24.0,35,35,1212.0,162,383,0.423,110,260,0.423,21,28,0.75,35,155,190,178,64,31,82,85,455,Lonzo Ball
1628964,2018-19,00,1610612753,ORL,21.0,47,1,766.0,117,243,0.481,21,70,0.3,37,63,0.587,64,169,233,39,13,64,43,102,292,Mo Bamba
1628964,2019-20,00,1610612753,ORL,22.0,62,0,878.0,132,286,0.462,37,107,0.346,31,46,0.674,100,202,302,42,23,86,42,116,332,Mo Bamba
1628964,2020-21,00,1610612753,ORL,23.0,46,5,725.0,142,301,0.472,38,118,0.322,45,66,0.682,76,189,265,35,14,58,36,87,367,Mo Bamba
1628964,2021-22,00,1610612753,ORL,24.0,71,69,1824.0,296,617,0.48,107,281,0.381,57,73,0.781,148,424,572,85,38,118,77,182,756,Mo Bamba
1628964,2022-23,00,1610612753,ORL,25.0,40,6,681.0,106,214,0.495,43,108,0.398,35,51,0.686,47,137,184,42,12,38,22,86,290,Mo Bamba
1628964,2022-23,00,1610612747,LAL,25.0,9,1,88.0,11,27,0.407,5,16,0.313,6,11,0.545,11,30,41,4,1,5,8,19,33,Mo Bamba
1628964,2022-23,00,0,TOT,25.0,49,7,768.0,117,241,0.485,48,124,0.387,41,62,0.661,58,167,225,46,13,43,30,105,323,Mo Bamba
1631094,2022-23,00,1610612753,ORL,20.0,72,72,2430.0,479,1122,0.427,85,285,0.298,394,534,0.738,84,413,497,269,60,39,200,160,1437,Paolo Banchero
1630217,2020-21,00,1610612763,MEM,23.0,68,17,1519.0,234,499,0.469,117,271,0.432,40,49,0.816,31,179,210,118,41,16,59,125,625,Desmond Bane
1630217,2021-22,00,1610612763,MEM,24.0,76,76,2266.0,508,1101,0.461,228,523,0.436,140,155,0.903,46,288,334,208,92,29,111,196,1384,Desmond Bane
1630217,2022-23,00,1610612763,MEM,25.0,58,58,1841.0,450,939,0.479,166,407,0.408,181,205,0.883,43,248,291,254,56,22,126,150,1247,Desmond Bane
1630625,2021-22,00,1610612761,TOR,22.0,64,1,696.0,83,202,0.411,13,51,0.255,26,44,0.591,38,86,124,99,28,10,53,68,205,Dalano Banton
1630625,2022-23,00,1610612761,TOR,23.0,31,2,279.0,55,130,0.423,15,51,0.294,17,24,0.708,11,34,45,36,13,13,18,34,142,Dalano Banton
1627760,2021-22,00,1610612737,ATL,27.0,3,0,13.0,0,4,0.0,0,0,0.0,0,4,0.0,1,2,3,3,0,0,1,1,0,Cat Barber
2571,2013-14,00,1610612756,PHX,31.0,20,0,368.0,56,131,0.427,7,25,0.28,31,39,0.795,5,32,37,32,7,4,19,30,150,Leandro Barbosa
2571,2014-15,00,1610612744,GSW,32.0,66,1,982.0,183,386,0.474,43,112,0.384,58,74,0.784,23,68,91,99,41,8,44,87,467,Leandro Barbosa
2571,2015-16,00,1610612744,GSW,33.0,68,0,1079.0,171,370,0.462,39,110,0.355,52,62,0.839,28,89,117,82,44,10,53,107,433,Leandro Barbosa
2571,2016-17,00,1610612756,PHX,34.0,67,0,963.0,172,392,0.439,35,98,0.357,40,45,0.889,15,89,104,81,31,8,48,82,419,Leandro Barbosa
200826,2013-14,00,1610612750,MIN,30.0,79,1,1471.0,254,656,0.387,73,231,0.316,79,100,0.79,16,138,154,303,26,0,125,129,660,J.J. Barea
200826,2014-15,00,1610612742,DAL,31.0,77,10,1362.0,225,536,0.42,54,167,0.323,76,94,0.809,23,111,134,263,33,1,70,104,580,J.J. Barea
200826,2015-16,00,1610612742,DAL,32.0,74,16,1667.0,317,711,0.446,100,260,0.385,74,96,0.771,26,126,152,302,26,2,113,110,808,J.J. Barea
200826,2016-17,00,1610612742,DAL,33.0,35,6,771.0,142,343,0.414,53,148,0.358,44,51,0.863,9,75,84,193,14,1,63,30,381,J.J. Barea
200826,2017-18,00,1610612742,DAL,34.0,69,11,1603.0,303,690,0.439,115,313,0.367,80,102,0.784,15,186,201,434,35,3,143,83,801,J.J. Barea
200826,2018-19,00,1610612742,DAL,35.0,38,0,752.0,161,385,0.418,38,128,0.297,55,78,0.705,13,82,95,211,22,1,72,50,415,J.J. Barea
200826,2019-20,00,1610612742,DAL,36.0,29,6,450.0,85,207,0.411,32,85,0.376,20,22,0.909,10,43,53,112,5,2,38,27,222,J.J. Barea
200745,2013-14,00,1610612752,NYK,28.0,42,39,1257.0,222,502,0.442,30,108,0.278,84,102,0.824,69,153,222,45,14,52,58,100,558,Andrea Bargnani
200745,2014-15,00,1610612752,NYK,29.0,29,22,785.0,164,361,0.454,15,41,0.366,87,107,0.813,32,95,127,46,2,27,42,53,430,Andrea Bargnani
200745,2015-16,00,1610612751,BKN,30.0,46,0,634.0,127,279,0.455,3,16,0.188,47,57,0.825,28,69,97,18,4,9,26,61,304,Andrea Bargnani
1631230,2022-23,00,1610612759,SAS,20.0,28,0,408.0,46,86,0.535,0,4,0.0,18,25,0.72,46,56,102,24,10,19,15,56,110,Dominick Barlow
203084,2013-14,00,1610612744,GSW,22.0,78,24,2204.0,271,679,0.399,66,190,0.347,130,181,0.718,66,245,311,116,65,20,84,158,738,Harrison Barnes
203084,2014-15,00,1610612744,GSW,23.0,82,82,2318.0,316,656,0.482,87,215,0.405,108,150,0.72,117,336,453,116,61,19,71,146,827,Harrison Barnes
203084,2015-16,00,1610612744,GSW,24.0,66,59,2042.0,295,633,0.466,82,214,0.383,102,134,0.761,77,248,325,117,41,10,57,136,774,Harrison Barnes
203084,2016-17,00,1610612742,DAL,25.0,79,79,2804.0,599,1280,0.468,78,222,0.351,242,281,0.861,93,301,394,116,65,15,102,128,1518,Harrison Barnes
203084,2017-18,00,1610612742,DAL,26.0,77,77,2634.0,537,1208,0.445,119,333,0.357,259,313,0.827,77,391,468,152,49,14,118,94,1452,Harrison Barnes
203084,2018-19,00,1610612742,DAL,27.0,49,49,1584.0,290,717,0.404,121,311,0.389,165,198,0.833,36,171,207,62,33,11,68,79,866,Harrison Barnes
203084,2018-19,00,1610612758,SAC,27.0,28,28,949.0,141,310,0.455,53,130,0.408,64,80,0.8,21,133,154,53,17,2,30,43,399,Harrison Barnes
203084,2018-19,00,0,TOT,27.0,77,77,2533.0,431,1027,0.42,174,441,0.395,229,278,0.824,57,304,361,115,50,13,98,122,1265,Harrison Barnes
203084,2019-20,00,1610612758,SAC,28.0,72,72,2482.0,365,793,0.46,102,268,0.381,214,267,0.801,77,278,355,159,43,12,88,93,1046,Harrison Barnes
203084,2020-21,00,1610612758,SAC,29.0,58,58,2102.0,319,642,0.497,100,256,0.391,195,235,0.83,64,321,385,201,43,11,93,75,933,Harrison Barnes
203084,2021-22,00,1610612758,SAC,30.0,77,77,2587.0,391,834,0.469,142,360,0.394,341,413,0.826,82,350,432,186,53,14,118,94,1265,Harrison Barnes
203084,2022-23,00,1610612758,SAC,31.0,82,82,2662.0,374,791,0.473,132,353,0.374,350,413,0.847,87,279,366,128,57,10,86,103,1230,Harrison Barnes
2440,2013-14,00,1610612746,LAC,34.0,63,40,1735.0,231,527,0.438,97,283,0.343,66,90,0.733,60,232,292,125,56,28,85,185,625,Matt Barnes
2440,2014-15,00,1610612746,LAC,35.0,76,74,2271.0,277,624,0.444,136,376,0.362,74,95,0.779,51,251,302,114,67,50,87,240,764,Matt Barnes
2440,2015-16,00,1610612763,MEM,36.0,76,45,2190.0,264,693,0.381,119,370,0.322,111,138,0.804,84,336,420,163,78,57,121,234,758,Matt Barnes
2440,2016-17,00,1610612758,SAC,37.0,54,13,1366.0,147,383,0.384,69,211,0.327,50,66,0.758,55,238,293,150,36,17,83,138,413,Matt Barnes
2440,2016-17,00,1610612744,GSW,37.0,20,5,410.0,38,90,0.422,18,52,0.346,20,23,0.87,15,76,91,45,12,9,24,47,114,Matt Barnes
2440,2016-17,00,0,TOT,37.0,74,18,1776.0,185,473,0.391,87,263,0.331,70,89,0.787,70,314,384,195,48,26,107,185,527,Matt Barnes
1630567,2021-22,00,1610612761,TOR,20.0,74,74,2617.0,459,932,0.492,58,193,0.301,158,215,0.735,195,362,557,256,80,55,136,192,1134,Scottie Barnes
1630567,2022-23,00,1610612761,TOR,21.0,77,76,2678.0,463,1016,0.456,63,224,0.281,190,246,0.772,179,333,512,371,83,61,154,170,1179,Scottie Barnes
1629628,2019-20,00,1610612752,NYK,20.0,56,55,1704.0,292,727,0.402,63,197,0.32,156,254,0.614,50,229,279,143,55,17,124,122,803,RJ Barrett
1629628,2020-21,00,1610612752,NYK,21.0,72,72,2511.0,467,1060,0.441,124,309,0.401,206,276,0.746,68,346,414,217,53,20,139,188,1264,RJ Barrett
1629628,2021-22,00,1610612752,NYK,22.0,70,70,2417.0,487,1194,0.408,138,404,0.342,290,406,0.714,66,342,408,208,43,16,151,142,1402,RJ Barrett
1629628,2022-23,00,1610612752,NYK,23.0,73,73,2476.0,510,1176,0.434,121,390,0.31,290,392,0.74,60,308,368,201,31,15,164,179,1431,RJ Barrett
2853,2014-15,00,1610612756,PHX,33.0,16,1,143.0,12,39,0.308,2,4,0.5,6,12,0.5,14,14,28,5,4,2,5,26,32,Earl Barron
